code,group,en,pt,symbol,color
fire,fire,Fire station,Corpo de Bombeiros,B,
fire-command,fire,Command centre,Centro de Comando,C,
fire-school,fire,Firefighter training school,Escola de Formação de Bombeiros,E,
fire-air,fire,Forest aerial resources centre,Centro de Meios Aéreos Florestais,A,
police,police,Police station (PSP/GNR),Esquadra PSP / Posto GNR,P,
police-school,police,Police training school,Escola Prática de Polícia,E,
gnr-ueps,police,GNR emergency and rescue unit (UEPS),GNR – UEPS,U,
ambulance,medical,Ambulance base,Base de ambulâncias,A,
pem,medical,Medical emergency post (PEM/AEM),Posto PEM/AEM,M,
hospital,medical,Hospital,Hospital,H,
health-centre,medical,Health centre,Centro de Saúde,S,
medical-school,medical,Pre-hospital training school,Escola de Formação Pré-Hospitalar,E,
medical-air,medical,Pre-hospital aerial resources centre,Centro de Meios Aéreos Pré-Hospitalar,A,
fepc,other,Special civil protection force (FEPC),Força Especial de Proteção Civil (FEPC),F,
maritime,other,Harbour master's office,Capitania,C,
navy-academy,other,Naval Academy,Academia Naval,N,
air-force,other,Air Force (FAP),Força Aérea (FAP),F,
tow,other,Tow station,Estação de reboque,R,
